Period,ERP_Account_Code,BU,Amount,Locked_Version,Locked_On
2024-12,4000-01,Platform,193600.0,locked,2026-06-05T10:00:00
2024-12,4000-01,Enterprise,135600.0,locked,2026-06-05T10:00:00
2024-12,4000-01,SMB,58100.0,locked,2026-06-05T10:00:00
2024-12,4000-02,Platform,11800.0,locked,2026-06-05T10:00:00
2024-12,4000-02,Enterprise,70600.0,locked,2026-06-05T10:00:00
2024-12,4000-02,SMB,35300.0,locked,2026-06-05T10:00:00
2024-12,5000-10,Platform,85200.0,locked,2026-06-05T10:00:00
2024-12,5000-10,Enterprise,42600.0,locked,2026-06-05T10:00:00
2024-12,5000-10,SMB,14200.0,locked,2026-06-05T10:00:00
2024-12,6000-05,Platform,75500.0,locked,2026-06-05T10:00:00
2024-12,6000-05,Enterprise,41200.0,locked,2026-06-05T10:00:00
2024-12,6000-05,SMB,20600.0,locked,2026-06-05T10:00:00
2024-12,6000-20,Platform,29000.0,locked,2026-06-05T10:00:00
2024-12,6000-20,Enterprise,29000.0,locked,2026-06-05T10:00:00
2024-12,6000-20,SMB,38700.0,locked,2026-06-05T10:00:00
2024-12,6000-90,Platform,22400.0,locked,2026-06-05T10:00:00
2024-12,6000-90,Enterprise,21800.0,locked,2026-06-05T10:00:00
2024-12,6000-90,SMB,21800.0,locked,2026-06-05T10:00:00
2024-12,6000-80,Platform,2600.0,locked,2026-06-05T10:00:00
2024-12,6000-80,Enterprise,2500.0,locked,2026-06-05T10:00:00
2024-12,6000-80,SMB,2500.0,locked,2026-06-05T10:00:00
2024-12,1000-00,Corporate,767000.0,locked,2026-06-05T10:00:00
2024-12,1100-00,Corporate,636100.0,locked,2026-06-05T10:00:00
2024-12,1200-00,Corporate,24000.0,locked,2026-06-05T10:00:00
2024-12,1500-00,Corporate,300000.0,locked,2026-06-05T10:00:00
2024-12,2100-00,Corporate,135700.0,locked,2026-06-05T10:00:00
2024-12,2200-00,Corporate,36000.0,locked,2026-06-05T10:00:00
2024-12,3000-00,Corporate,4000000.0,locked,2026-06-05T10:00:00
2024-12,3100-00,Corporate,-2500000.0,locked,2026-06-05T10:00:00
2025-01,4000-01,Platform,196200.0,locked,2026-06-05T10:00:00
2025-01,4000-01,Enterprise,137400.0,locked,2026-06-05T10:00:00
2025-01,4000-01,SMB,58900.0,locked,2026-06-05T10:00:00
2025-01,4000-02,Platform,12000.0,locked,2026-06-05T10:00:00
2025-01,4000-02,Enterprise,71700.0,locked,2026-06-05T10:00:00
2025-01,4000-02,SMB,35800.0,locked,2026-06-05T10:00:00
2025-01,5000-10,Platform,85300.0,locked,2026-06-05T10:00:00
2025-01,5000-10,Enterprise,42600.0,locked,2026-06-05T10:00:00
2025-01,5000-10,SMB,14200.0,locked,2026-06-05T10:00:00
2025-01,6000-05,Platform,74100.0,locked,2026-06-05T10:00:00
2025-01,6000-05,Enterprise,40400.0,locked,2026-06-05T10:00:00
2025-01,6000-05,SMB,20200.0,locked,2026-06-05T10:00:00
2025-01,6000-20,Platform,30600.0,locked,2026-06-05T10:00:00
2025-01,6000-20,Enterprise,30600.0,locked,2026-06-05T10:00:00
2025-01,6000-20,SMB,40800.0,locked,2026-06-05T10:00:00
2025-01,6000-90,Platform,23300.0,locked,2026-06-05T10:00:00
2025-01,6000-90,Enterprise,22500.0,locked,2026-06-05T10:00:00
2025-01,6000-90,SMB,22500.0,locked,2026-06-05T10:00:00
2025-01,6000-80,Platform,2600.0,locked,2026-06-05T10:00:00
2025-01,6000-80,Enterprise,2500.0,locked,2026-06-05T10:00:00
2025-01,6000-80,SMB,2500.0,locked,2026-06-05T10:00:00
2025-01,1000-00,Corporate,794700.0,locked,2026-06-05T10:00:00
2025-01,1100-00,Corporate,655400.0,locked,2026-06-05T10:00:00
2025-01,1200-00,Corporate,24400.0,locked,2026-06-05T10:00:00
2025-01,1500-00,Corporate,311400.0,locked,2026-06-05T10:00:00
2025-01,2100-00,Corporate,136600.0,locked,2026-06-05T10:00:00
2025-01,2200-00,Corporate,36600.0,locked,2026-06-05T10:00:00
2025-01,3000-00,Corporate,4000000.0,locked,2026-06-05T10:00:00
2025-01,3100-00,Corporate,-2444600.0,locked,2026-06-05T10:00:00
2025-02,4000-01,Platform,199200.0,locked,2026-06-05T10:00:00
2025-02,4000-01,Enterprise,139400.0,locked,2026-06-05T10:00:00
2025-02,4000-01,SMB,59800.0,locked,2026-06-05T10:00:00
2025-02,4000-02,Platform,12300.0,locked,2026-06-05T10:00:00
2025-02,4000-02,Enterprise,73500.0,locked,2026-06-05T10:00:00
2025-02,4000-02,SMB,36800.0,locked,2026-06-05T10:00:00
2025-02,5000-10,Platform,86900.0,locked,2026-06-05T10:00:00
2025-02,5000-10,Enterprise,43400.0,locked,2026-06-05T10:00:00
2025-02,5000-10,SMB,14500.0,locked,2026-06-05T10:00:00
2025-02,6000-05,Platform,74700.0,locked,2026-06-05T10:00:00
2025-02,6000-05,Enterprise,40700.0,locked,2026-06-05T10:00:00
2025-02,6000-05,SMB,20400.0,locked,2026-06-05T10:00:00
2025-02,6000-20,Platform,30700.0,locked,2026-06-05T10:00:00
2025-02,6000-20,Enterprise,30700.0,locked,2026-06-05T10:00:00
2025-02,6000-20,SMB,40800.0,locked,2026-06-05T10:00:00
2025-02,6000-90,Platform,22800.0,locked,2026-06-05T10:00:00
2025-02,6000-90,Enterprise,22000.0,locked,2026-06-05T10:00:00
2025-02,6000-90,SMB,22000.0,locked,2026-06-05T10:00:00
2025-02,6000-80,Platform,2600.0,locked,2026-06-05T10:00:00
2025-02,6000-80,Enterprise,2500.0,locked,2026-06-05T10:00:00
2025-02,6000-80,SMB,2500.0,locked,2026-06-05T10:00:00
2025-02,1000-00,Corporate,783400.0,locked,2026-06-05T10:00:00
2025-02,1100-00,Corporate,737700.0,locked,2026-06-05T10:00:00
2025-02,1200-00,Corporate,24400.0,locked,2026-06-05T10:00:00
2025-02,1500-00,Corporate,324900.0,locked,2026-06-05T10:00:00
2025-02,2100-00,Corporate,157300.0,locked,2026-06-05T10:00:00
2025-02,2200-00,Corporate,36600.0,locked,2026-06-05T10:00:00
2025-02,3000-00,Corporate,4000000.0,locked,2026-06-05T10:00:00
2025-02,3100-00,Corporate,-2387300.0,locked,2026-06-05T10:00:00
2025-03,4000-01,Platform,204800.0,locked,2026-06-05T10:00:00
2025-03,4000-01,Enterprise,143400.0,locked,2026-06-05T10:00:00
2025-03,4000-01,SMB,61500.0,locked,2026-06-05T10:00:00
2025-03,4000-02,Platform,12100.0,locked,2026-06-05T10:00:00
2025-03,4000-02,Enterprise,72600.0,locked,2026-06-05T10:00:00
2025-03,4000-02,SMB,36300.0,locked,2026-06-05T10:00:00
2025-03,5000-10,Platform,87100.0,locked,2026-06-05T10:00:00
2025-03,5000-10,Enterprise,43500.0,locked,2026-06-05T10:00:00
2025-03,5000-10,SMB,14500.0,locked,2026-06-05T10:00:00
2025-03,6000-05,Platform,75400.0,locked,2026-06-05T10:00:00
2025-03,6000-05,Enterprise,41200.0,locked,2026-06-05T10:00:00
2025-03,6000-05,SMB,20600.0,locked,2026-06-05T10:00:00
2025-03,6000-20,Platform,31400.0,locked,2026-06-05T10:00:00
2025-03,6000-20,Enterprise,31400.0,locked,2026-06-05T10:00:00
2025-03,6000-20,SMB,41700.0,locked,2026-06-05T10:00:00
2025-03,6000-90,Platform,23100.0,locked,2026-06-05T10:00:00
2025-03,6000-90,Enterprise,22400.0,locked,2026-06-05T10:00:00
2025-03,6000-90,SMB,22400.0,locked,2026-06-05T10:00:00
2025-03,6000-80,Platform,2700.0,locked,2026-06-05T10:00:00
2025-03,6000-80,Enterprise,2500.0,locked,2026-06-05T10:00:00
2025-03,6000-80,SMB,2500.0,locked,2026-06-05T10:00:00
2025-03,1000-00,Corporate,863300.0,locked,2026-06-05T10:00:00
2025-03,1100-00,Corporate,689400.0,locked,2026-06-05T10:00:00
2025-03,1200-00,Corporate,24800.0,locked,2026-06-05T10:00:00
2025-03,1500-00,Corporate,343800.0,locked,2026-06-05T10:00:00
2025-03,2100-00,Corporate,139300.0,locked,2026-06-05T10:00:00
2025-03,2200-00,Corporate,37200.0,locked,2026-06-05T10:00:00
2025-03,3000-00,Corporate,4000000.0,locked,2026-06-05T10:00:00
2025-03,3100-00,Corporate,-2323500.0,locked,2026-06-05T10:00:00
2025-04,4000-01,Platform,204100.0,locked,2026-06-05T10:00:00
2025-04,4000-01,Enterprise,142900.0,locked,2026-06-05T10:00:00
2025-04,4000-01,SMB,61200.0,locked,2026-06-05T10:00:00
2025-04,4000-02,Platform,12100.0,locked,2026-06-05T10:00:00
2025-04,4000-02,Enterprise,72500.0,locked,2026-06-05T10:00:00
2025-04,4000-02,SMB,36300.0,locked,2026-06-05T10:00:00
2025-04,5000-10,Platform,89100.0,locked,2026-06-05T10:00:00
2025-04,5000-10,Enterprise,44600.0,locked,2026-06-05T10:00:00
2025-04,5000-10,SMB,14800.0,locked,2026-06-05T10:00:00
2025-04,6000-05,Platform,77200.0,locked,2026-06-05T10:00:00
2025-04,6000-05,Enterprise,42200.0,locked,2026-06-05T10:00:00
2025-04,6000-05,SMB,21100.0,locked,2026-06-05T10:00:00
2025-04,6000-20,Platform,31300.0,locked,2026-06-05T10:00:00
2025-04,6000-20,Enterprise,31300.0,locked,2026-06-05T10:00:00
2025-04,6000-20,SMB,41700.0,locked,2026-06-05T10:00:00
2025-04,6000-90,Platform,23400.0,locked,2026-06-05T10:00:00
2025-04,6000-90,Enterprise,22700.0,locked,2026-06-05T10:00:00
2025-04,6000-90,SMB,22700.0,locked,2026-06-05T10:00:00
2025-04,6000-80,Platform,2700.0,locked,2026-06-05T10:00:00
2025-04,6000-80,Enterprise,2500.0,locked,2026-06-05T10:00:00
2025-04,6000-80,SMB,2500.0,locked,2026-06-05T10:00:00
2025-04,1000-00,Corporate,908000.0,locked,2026-06-05T10:00:00
2025-04,1100-00,Corporate,699800.0,locked,2026-06-05T10:00:00
2025-04,1200-00,Corporate,25100.0,locked,2026-06-05T10:00:00
2025-04,1500-00,Corporate,354600.0,locked,2026-06-05T10:00:00
2025-04,2100-00,Corporate,145800.0,locked,2026-06-05T10:00:00
2025-04,2200-00,Corporate,37600.0,locked,2026-06-05T10:00:00
2025-04,3000-00,Corporate,4000000.0,locked,2026-06-05T10:00:00
2025-04,3100-00,Corporate,-2255200.0,locked,2026-06-05T10:00:00
2025-05,4000-01,Platform,215400.0,locked,2026-06-05T10:00:00
2025-05,4000-01,Enterprise,150800.0,locked,2026-06-05T10:00:00
2025-05,4000-01,SMB,64600.0,locked,2026-06-05T10:00:00
2025-05,4000-02,Platform,12100.0,locked,2026-06-05T10:00:00
2025-05,4000-02,Enterprise,72800.0,locked,2026-06-05T10:00:00
2025-05,4000-02,SMB,36400.0,locked,2026-06-05T10:00:00
2025-05,5000-10,Platform,88700.0,locked,2026-06-05T10:00:00
2025-05,5000-10,Enterprise,44400.0,locked,2026-06-05T10:00:00
2025-05,5000-10,SMB,14800.0,locked,2026-06-05T10:00:00
2025-05,6000-05,Platform,76500.0,locked,2026-06-05T10:00:00
2025-05,6000-05,Enterprise,41700.0,locked,2026-06-05T10:00:00
2025-05,6000-05,SMB,20900.0,locked,2026-06-05T10:00:00
2025-05,6000-20,Platform,31700.0,locked,2026-06-05T10:00:00
2025-05,6000-20,Enterprise,31700.0,locked,2026-06-05T10:00:00
2025-05,6000-20,SMB,42300.0,locked,2026-06-05T10:00:00
2025-05,6000-90,Platform,23800.0,locked,2026-06-05T10:00:00
2025-05,6000-90,Enterprise,23000.0,locked,2026-06-05T10:00:00
2025-05,6000-90,SMB,23000.0,locked,2026-06-05T10:00:00
2025-05,6000-80,Platform,2700.0,locked,2026-06-05T10:00:00
2025-05,6000-80,Enterprise,2500.0,locked,2026-06-05T10:00:00
2025-05,6000-80,SMB,2500.0,locked,2026-06-05T10:00:00
2025-05,1000-00,Corporate,918300.0,locked,2026-06-05T10:00:00
2025-05,1100-00,Corporate,738800.0,locked,2026-06-05T10:00:00
2025-05,1200-00,Corporate,25200.0,locked,2026-06-05T10:00:00
2025-05,1500-00,Corporate,379000.0,locked,2026-06-05T10:00:00
2025-05,2100-00,Corporate,137500.0,locked,2026-06-05T10:00:00
2025-05,2200-00,Corporate,37800.0,locked,2026-06-05T10:00:00
2025-05,3000-00,Corporate,4000000.0,locked,2026-06-05T10:00:00
2025-05,3100-00,Corporate,-2195900.0,locked,2026-06-05T10:00:00
2025-06,4000-01,Platform,211700.0,locked,2026-06-05T10:00:00
2025-06,4000-01,Enterprise,148200.0,locked,2026-06-05T10:00:00
2025-06,4000-01,SMB,63500.0,locked,2026-06-05T10:00:00
2025-06,4000-02,Platform,12100.0,locked,2026-06-05T10:00:00
2025-06,4000-02,Enterprise,72600.0,locked,2026-06-05T10:00:00
2025-06,4000-02,SMB,36300.0,locked,2026-06-05T10:00:00
2025-06,5000-10,Platform,89400.0,locked,2026-06-05T10:00:00
2025-06,5000-10,Enterprise,44700.0,locked,2026-06-05T10:00:00
2025-06,5000-10,SMB,14900.0,locked,2026-06-05T10:00:00
2025-06,6000-05,Platform,78900.0,locked,2026-06-05T10:00:00
2025-06,6000-05,Enterprise,43000.0,locked,2026-06-05T10:00:00
2025-06,6000-05,SMB,21500.0,locked,2026-06-05T10:00:00
2025-06,6000-20,Platform,32100.0,locked,2026-06-05T10:00:00
2025-06,6000-20,Enterprise,32100.0,locked,2026-06-05T10:00:00
2025-06,6000-20,SMB,42700.0,locked,2026-06-05T10:00:00
2025-06,6000-90,Platform,23700.0,locked,2026-06-05T10:00:00
2025-06,6000-90,Enterprise,22900.0,locked,2026-06-05T10:00:00
2025-06,6000-90,SMB,22900.0,locked,2026-06-05T10:00:00
2025-06,6000-80,Platform,2600.0,locked,2026-06-05T10:00:00
2025-06,6000-80,Enterprise,2600.0,locked,2026-06-05T10:00:00
2025-06,6000-80,SMB,2600.0,locked,2026-06-05T10:00:00
2025-06,1000-00,Corporate,962100.0,locked,2026-06-05T10:00:00
2025-06,1100-00,Corporate,743800.0,locked,2026-06-05T10:00:00
2025-06,1200-00,Corporate,25600.0,locked,2026-06-05T10:00:00
2025-06,1500-00,Corporate,401400.0,locked,2026-06-05T10:00:00
2025-06,2100-00,Corporate,140700.0,locked,2026-06-05T10:00:00
2025-06,2200-00,Corporate,38400.0,locked,2026-06-05T10:00:00
2025-06,3000-00,Corporate,4000000.0,locked,2026-06-05T10:00:00
2025-06,3100-00,Corporate,-2114000.0,locked,2026-06-05T10:00:00
2025-07,4000-01,Platform,213300.0,locked,2026-06-05T10:00:00
2025-07,4000-01,Enterprise,149300.0,locked,2026-06-05T10:00:00
2025-07,4000-01,SMB,64000.0,locked,2026-06-05T10:00:00
2025-07,4000-02,Platform,12300.0,locked,2026-06-05T10:00:00
2025-07,4000-02,Enterprise,74100.0,locked,2026-06-05T10:00:00
2025-07,4000-02,SMB,37000.0,locked,2026-06-05T10:00:00
2025-07,5000-10,Platform,91700.0,locked,2026-06-05T10:00:00
2025-07,5000-10,Enterprise,45900.0,locked,2026-06-05T10:00:00
2025-07,5000-10,SMB,15300.0,locked,2026-06-05T10:00:00
2025-07,6000-05,Platform,79000.0,locked,2026-06-05T10:00:00
2025-07,6000-05,Enterprise,43100.0,locked,2026-06-05T10:00:00
2025-07,6000-05,SMB,21500.0,locked,2026-06-05T10:00:00
2025-07,6000-20,Platform,32500.0,locked,2026-06-05T10:00:00
2025-07,6000-20,Enterprise,32500.0,locked,2026-06-05T10:00:00
2025-07,6000-20,SMB,43200.0,locked,2026-06-05T10:00:00
2025-07,6000-90,Platform,23600.0,locked,2026-06-05T10:00:00
2025-07,6000-90,Enterprise,22900.0,locked,2026-06-05T10:00:00
2025-07,6000-90,SMB,22900.0,locked,2026-06-05T10:00:00
2025-07,6000-80,Platform,2600.0,locked,2026-06-05T10:00:00
2025-07,6000-80,Enterprise,2600.0,locked,2026-06-05T10:00:00
2025-07,6000-80,SMB,2600.0,locked,2026-06-05T10:00:00
2025-07,1000-00,Corporate,1041400.0,locked,2026-06-05T10:00:00
2025-07,1100-00,Corporate,713000.0,locked,2026-06-05T10:00:00
2025-07,1200-00,Corporate,25700.0,locked,2026-06-05T10:00:00
2025-07,1500-00,Corporate,423000.0,locked,2026-06-05T10:00:00
2025-07,2100-00,Corporate,142700.0,locked,2026-06-05T10:00:00
2025-07,2200-00,Corporate,38500.0,locked,2026-06-05T10:00:00
2025-07,3000-00,Corporate,4000000.0,locked,2026-06-05T10:00:00
2025-07,3100-00,Corporate,-2046200.0,locked,2026-06-05T10:00:00
2025-08,4000-01,Platform,221100.0,locked,2026-06-05T10:00:00
2025-08,4000-01,Enterprise,154800.0,locked,2026-06-05T10:00:00
2025-08,4000-01,SMB,66300.0,locked,2026-06-05T10:00:00
2025-08,4000-02,Platform,12400.0,locked,2026-06-05T10:00:00
2025-08,4000-02,Enterprise,74100.0,locked,2026-06-05T10:00:00
2025-08,4000-02,SMB,37100.0,locked,2026-06-05T10:00:00
2025-08,5000-10,Platform,93100.0,locked,2026-06-05T10:00:00
2025-08,5000-10,Enterprise,46600.0,locked,2026-06-05T10:00:00
2025-08,5000-10,SMB,15500.0,locked,2026-06-05T10:00:00
2025-08,6000-05,Platform,80100.0,locked,2026-06-05T10:00:00
2025-08,6000-05,Enterprise,43700.0,locked,2026-06-05T10:00:00
2025-08,6000-05,SMB,21800.0,locked,2026-06-05T10:00:00
2025-08,6000-20,Platform,31600.0,locked,2026-06-05T10:00:00
2025-08,6000-20,Enterprise,31600.0,locked,2026-06-05T10:00:00
2025-08,6000-20,SMB,42300.0,locked,2026-06-05T10:00:00
2025-08,6000-90,Platform,23500.0,locked,2026-06-05T10:00:00
2025-08,6000-90,Enterprise,22800.0,locked,2026-06-05T10:00:00
2025-08,6000-90,SMB,22800.0,locked,2026-06-05T10:00:00
2025-08,6000-80,Platform,2600.0,locked,2026-06-05T10:00:00
2025-08,6000-80,Enterprise,2600.0,locked,2026-06-05T10:00:00
2025-08,6000-80,SMB,2600.0,locked,2026-06-05T10:00:00
2025-08,1000-00,Corporate,1080500.0,locked,2026-06-05T10:00:00
2025-08,1100-00,Corporate,743600.0,locked,2026-06-05T10:00:00
2025-08,1200-00,Corporate,25600.0,locked,2026-06-05T10:00:00
2025-08,1500-00,Corporate,438800.0,locked,2026-06-05T10:00:00
2025-08,2100-00,Corporate,145600.0,locked,2026-06-05T10:00:00
2025-08,2200-00,Corporate,38400.0,locked,2026-06-05T10:00:00
2025-08,3000-00,Corporate,4000000.0,locked,2026-06-05T10:00:00
2025-08,3100-00,Corporate,-1978100.0,locked,2026-06-05T10:00:00
2025-09,4000-01,Platform,220800.0,locked,2026-06-05T10:00:00
2025-09,4000-01,Enterprise,154600.0,locked,2026-06-05T10:00:00
2025-09,4000-01,SMB,66200.0,locked,2026-06-05T10:00:00
2025-09,4000-02,Platform,12300.0,locked,2026-06-05T10:00:00
2025-09,4000-02,Enterprise,73700.0,locked,2026-06-05T10:00:00
2025-09,4000-02,SMB,36800.0,locked,2026-06-05T10:00:00
2025-09,5000-10,Platform,93400.0,locked,2026-06-05T10:00:00
2025-09,5000-10,Enterprise,46700.0,locked,2026-06-05T10:00:00
2025-09,5000-10,SMB,15600.0,locked,2026-06-05T10:00:00
2025-09,6000-05,Platform,81800.0,locked,2026-06-05T10:00:00
2025-09,6000-05,Enterprise,44600.0,locked,2026-06-05T10:00:00
2025-09,6000-05,SMB,22300.0,locked,2026-06-05T10:00:00
2025-09,6000-20,Platform,32300.0,locked,2026-06-05T10:00:00
2025-09,6000-20,Enterprise,32300.0,locked,2026-06-05T10:00:00
2025-09,6000-20,SMB,43000.0,locked,2026-06-05T10:00:00
2025-09,6000-90,Platform,24100.0,locked,2026-06-05T10:00:00
2025-09,6000-90,Enterprise,23300.0,locked,2026-06-05T10:00:00
2025-09,6000-90,SMB,23300.0,locked,2026-06-05T10:00:00
2025-09,6000-80,Platform,2600.0,locked,2026-06-05T10:00:00
2025-09,6000-80,Enterprise,2600.0,locked,2026-06-05T10:00:00
2025-09,6000-80,SMB,2600.0,locked,2026-06-05T10:00:00
2025-09,1000-00,Corporate,1098700.0,locked,2026-06-05T10:00:00
2025-09,1100-00,Corporate,790200.0,locked,2026-06-05T10:00:00
2025-09,1200-00,Corporate,26200.0,locked,2026-06-05T10:00:00
2025-09,1500-00,Corporate,458500.0,locked,2026-06-05T10:00:00
2025-09,2100-00,Corporate,156000.0,locked,2026-06-05T10:00:00
2025-09,2200-00,Corporate,39200.0,locked,2026-06-05T10:00:00
2025-09,3000-00,Corporate,4000000.0,locked,2026-06-05T10:00:00
2025-09,3100-00,Corporate,-1895500.0,locked,2026-06-05T10:00:00
2025-10,4000-01,Platform,220200.0,locked,2026-06-05T10:00:00
2025-10,4000-01,Enterprise,154200.0,locked,2026-06-05T10:00:00
2025-10,4000-01,SMB,66100.0,locked,2026-06-05T10:00:00
2025-10,4000-02,Platform,12400.0,locked,2026-06-05T10:00:00
2025-10,4000-02,Enterprise,74300.0,locked,2026-06-05T10:00:00
2025-10,4000-02,SMB,37100.0,locked,2026-06-05T10:00:00
2025-10,5000-10,Platform,95100.0,locked,2026-06-05T10:00:00
2025-10,5000-10,Enterprise,47600.0,locked,2026-06-05T10:00:00
2025-10,5000-10,SMB,15900.0,locked,2026-06-05T10:00:00
2025-10,6000-05,Platform,81300.0,locked,2026-06-05T10:00:00
2025-10,6000-05,Enterprise,44400.0,locked,2026-06-05T10:00:00
2025-10,6000-05,SMB,22200.0,locked,2026-06-05T10:00:00
2025-10,6000-20,Platform,33400.0,locked,2026-06-05T10:00:00
2025-10,6000-20,Enterprise,33400.0,locked,2026-06-05T10:00:00
2025-10,6000-20,SMB,44400.0,locked,2026-06-05T10:00:00
2025-10,6000-90,Platform,24000.0,locked,2026-06-05T10:00:00
2025-10,6000-90,Enterprise,23400.0,locked,2026-06-05T10:00:00
2025-10,6000-90,SMB,23400.0,locked,2026-06-05T10:00:00
2025-10,6000-80,Platform,2700.0,locked,2026-06-05T10:00:00
2025-10,6000-80,Enterprise,2600.0,locked,2026-06-05T10:00:00
2025-10,6000-80,SMB,2600.0,locked,2026-06-05T10:00:00
2025-10,1000-00,Corporate,1154700.0,locked,2026-06-05T10:00:00
2025-10,1100-00,Corporate,775700.0,locked,2026-06-05T10:00:00
2025-10,1200-00,Corporate,26400.0,locked,2026-06-05T10:00:00
2025-10,1500-00,Corporate,477300.0,locked,2026-06-05T10:00:00
2025-10,2100-00,Corporate,148200.0,locked,2026-06-05T10:00:00
2025-10,2200-00,Corporate,39600.0,locked,2026-06-05T10:00:00
2025-10,3000-00,Corporate,4000000.0,locked,2026-06-05T10:00:00
2025-10,3100-00,Corporate,-1821600.0,locked,2026-06-05T10:00:00
2025-11,4000-01,Platform,228400.0,locked,2026-06-05T10:00:00
2025-11,4000-01,Enterprise,159800.0,locked,2026-06-05T10:00:00
2025-11,4000-01,SMB,68500.0,locked,2026-06-05T10:00:00
2025-11,4000-02,Platform,12400.0,locked,2026-06-05T10:00:00
2025-11,4000-02,Enterprise,74500.0,locked,2026-06-05T10:00:00
2025-11,4000-02,SMB,37200.0,locked,2026-06-05T10:00:00
2025-11,5000-10,Platform,97300.0,locked,2026-06-05T10:00:00
2025-11,5000-10,Enterprise,48700.0,locked,2026-06-05T10:00:00
2025-11,5000-10,SMB,16200.0,locked,2026-06-05T10:00:00
2025-11,6000-05,Platform,81000.0,locked,2026-06-05T10:00:00
2025-11,6000-05,Enterprise,44200.0,locked,2026-06-05T10:00:00
2025-11,6000-05,SMB,22100.0,locked,2026-06-05T10:00:00
2025-11,6000-20,Platform,32700.0,locked,2026-06-05T10:00:00
2025-11,6000-20,Enterprise,32700.0,locked,2026-06-05T10:00:00
2025-11,6000-20,SMB,43600.0,locked,2026-06-05T10:00:00
2025-11,6000-90,Platform,23500.0,locked,2026-06-05T10:00:00
2025-11,6000-90,Enterprise,22800.0,locked,2026-06-05T10:00:00
2025-11,6000-90,SMB,22800.0,locked,2026-06-05T10:00:00
2025-11,6000-80,Platform,2700.0,locked,2026-06-05T10:00:00
2025-11,6000-80,Enterprise,2600.0,locked,2026-06-05T10:00:00
2025-11,6000-80,SMB,2600.0,locked,2026-06-05T10:00:00
2025-11,1000-00,Corporate,1159300.0,locked,2026-06-05T10:00:00
2025-11,1100-00,Corporate,846700.0,locked,2026-06-05T10:00:00
2025-11,1200-00,Corporate,26000.0,locked,2026-06-05T10:00:00
2025-11,1500-00,Corporate,497400.0,locked,2026-06-05T10:00:00
2025-11,2100-00,Corporate,158800.0,locked,2026-06-05T10:00:00
2025-11,2200-00,Corporate,39000.0,locked,2026-06-05T10:00:00
2025-11,3000-00,Corporate,4000000.0,locked,2026-06-05T10:00:00
2025-11,3100-00,Corporate,-1753700.0,locked,2026-06-05T10:00:00
2025-12,4000-01,Platform,230000.0,locked,2026-06-05T10:00:00
2025-12,4000-01,Enterprise,161000.0,locked,2026-06-05T10:00:00
2025-12,4000-01,SMB,69000.0,locked,2026-06-05T10:00:00
2025-12,4000-02,Platform,12600.0,locked,2026-06-05T10:00:00
2025-12,4000-02,Enterprise,75900.0,locked,2026-06-05T10:00:00
2025-12,4000-02,SMB,37900.0,locked,2026-06-05T10:00:00
2025-12,5000-10,Platform,97500.0,locked,2026-06-05T10:00:00
2025-12,5000-10,Enterprise,48700.0,locked,2026-06-05T10:00:00
2025-12,5000-10,SMB,16200.0,locked,2026-06-05T10:00:00
2025-12,6000-05,Platform,82700.0,locked,2026-06-05T10:00:00
2025-12,6000-05,Enterprise,45200.0,locked,2026-06-05T10:00:00
2025-12,6000-05,SMB,22600.0,locked,2026-06-05T10:00:00
2025-12,6000-20,Platform,33500.0,locked,2026-06-05T10:00:00
2025-12,6000-20,Enterprise,33500.0,locked,2026-06-05T10:00:00
2025-12,6000-20,SMB,44600.0,locked,2026-06-05T10:00:00
2025-12,6000-90,Platform,24100.0,locked,2026-06-05T10:00:00
2025-12,6000-90,Enterprise,23300.0,locked,2026-06-05T10:00:00
2025-12,6000-90,SMB,23300.0,locked,2026-06-05T10:00:00
2025-12,6000-80,Platform,2700.0,locked,2026-06-05T10:00:00
2025-12,6000-80,Enterprise,2600.0,locked,2026-06-05T10:00:00
2025-12,6000-80,SMB,2600.0,locked,2026-06-05T10:00:00
2025-12,1000-00,Corporate,1225700.0,locked,2026-06-05T10:00:00
2025-12,1100-00,Corporate,844900.0,locked,2026-06-05T10:00:00
2025-12,1200-00,Corporate,26600.0,locked,2026-06-05T10:00:00
2025-12,1500-00,Corporate,506200.0,locked,2026-06-05T10:00:00
2025-12,2100-00,Corporate,148600.0,locked,2026-06-05T10:00:00
2025-12,2200-00,Corporate,39900.0,locked,2026-06-05T10:00:00
2025-12,3000-00,Corporate,4000000.0,locked,2026-06-05T10:00:00
2025-12,3100-00,Corporate,-1668400.0,locked,2026-06-05T10:00:00
2026-01,4000-01,Platform,239200.0,locked,2026-06-05T10:00:00
2026-01,4000-01,Enterprise,167400.0,locked,2026-06-05T10:00:00
2026-01,4000-01,SMB,71800.0,locked,2026-06-05T10:00:00
2026-01,4000-02,Platform,12500.0,locked,2026-06-05T10:00:00
2026-01,4000-02,Enterprise,75300.0,locked,2026-06-05T10:00:00
2026-01,4000-02,SMB,37600.0,locked,2026-06-05T10:00:00
2026-01,5000-10,Platform,99100.0,locked,2026-06-05T10:00:00
2026-01,5000-10,Enterprise,49500.0,locked,2026-06-05T10:00:00
2026-01,5000-10,SMB,16500.0,locked,2026-06-05T10:00:00
2026-01,6000-05,Platform,81700.0,locked,2026-06-05T10:00:00
2026-01,6000-05,Enterprise,44600.0,locked,2026-06-05T10:00:00
2026-01,6000-05,SMB,22300.0,locked,2026-06-05T10:00:00
2026-01,6000-20,Platform,33800.0,locked,2026-06-05T10:00:00
2026-01,6000-20,Enterprise,33800.0,locked,2026-06-05T10:00:00
2026-01,6000-20,SMB,45200.0,locked,2026-06-05T10:00:00
2026-01,6000-90,Platform,23900.0,locked,2026-06-05T10:00:00
2026-01,6000-90,Enterprise,23300.0,locked,2026-06-05T10:00:00
2026-01,6000-90,SMB,23300.0,locked,2026-06-05T10:00:00
2026-01,6000-80,Platform,2800.0,locked,2026-06-05T10:00:00
2026-01,6000-80,Enterprise,2600.0,locked,2026-06-05T10:00:00
2026-01,6000-80,SMB,2600.0,locked,2026-06-05T10:00:00
2026-01,1000-00,Corporate,1318900.0,locked,2026-06-05T10:00:00
2026-01,1100-00,Corporate,834800.0,locked,2026-06-05T10:00:00
2026-01,1200-00,Corporate,26600.0,locked,2026-06-05T10:00:00
2026-01,1500-00,Corporate,521500.0,locked,2026-06-05T10:00:00
2026-01,2100-00,Corporate,148300.0,locked,2026-06-05T10:00:00
2026-01,2200-00,Corporate,39800.0,locked,2026-06-05T10:00:00
2026-01,3000-00,Corporate,4000000.0,locked,2026-06-05T10:00:00
2026-01,3100-00,Corporate,-1585100.0,locked,2026-06-05T10:00:00
2026-02,4000-01,Platform,236500.0,locked,2026-06-05T10:00:00
2026-02,4000-01,Enterprise,165500.0,locked,2026-06-05T10:00:00
2026-02,4000-01,SMB,70900.0,locked,2026-06-05T10:00:00
2026-02,4000-02,Platform,12700.0,locked,2026-06-05T10:00:00
2026-02,4000-02,Enterprise,76500.0,locked,2026-06-05T10:00:00
2026-02,4000-02,SMB,38200.0,locked,2026-06-05T10:00:00
2026-02,5000-10,Platform,98900.0,locked,2026-06-05T10:00:00
2026-02,5000-10,Enterprise,49400.0,locked,2026-06-05T10:00:00
2026-02,5000-10,SMB,16500.0,locked,2026-06-05T10:00:00
2026-02,6000-05,Platform,83300.0,locked,2026-06-05T10:00:00
2026-02,6000-05,Enterprise,45400.0,locked,2026-06-05T10:00:00
2026-02,6000-05,SMB,22700.0,locked,2026-06-05T10:00:00
2026-02,6000-20,Platform,34600.0,locked,2026-06-05T10:00:00
2026-02,6000-20,Enterprise,34600.0,locked,2026-06-05T10:00:00
2026-02,6000-20,SMB,46200.0,locked,2026-06-05T10:00:00
2026-02,6000-90,Platform,24400.0,locked,2026-06-05T10:00:00
2026-02,6000-90,Enterprise,23600.0,locked,2026-06-05T10:00:00
2026-02,6000-90,SMB,23600.0,locked,2026-06-05T10:00:00
2026-02,6000-80,Platform,2800.0,locked,2026-06-05T10:00:00
2026-02,6000-80,Enterprise,2600.0,locked,2026-06-05T10:00:00
2026-02,6000-80,SMB,2600.0,locked,2026-06-05T10:00:00
2026-02,1000-00,Corporate,1852000.0,locked,2026-06-05T10:00:00
2026-02,1100-00,Corporate,899000.0,locked,2026-06-05T10:00:00
2026-02,1200-00,Corporate,27100.0,locked,2026-06-05T10:00:00
2026-02,1500-00,Corporate,529300.0,locked,2026-06-05T10:00:00
2026-02,2100-00,Corporate,164000.0,locked,2026-06-05T10:00:00
2026-02,2200-00,Corporate,40600.0,locked,2026-06-05T10:00:00
2026-02,3000-00,Corporate,4500000.0,locked,2026-06-05T10:00:00
2026-02,3100-00,Corporate,-1486300.0,locked,2026-06-05T10:00:00
2026-03,4000-01,Platform,247100.0,locked,2026-06-05T10:00:00
2026-03,4000-01,Enterprise,172900.0,locked,2026-06-05T10:00:00
2026-03,4000-01,SMB,74100.0,locked,2026-06-05T10:00:00
2026-03,4000-02,Platform,12700.0,locked,2026-06-05T10:00:00
2026-03,4000-02,Enterprise,76100.0,locked,2026-06-05T10:00:00
2026-03,4000-02,SMB,38000.0,locked,2026-06-05T10:00:00
2026-03,5000-10,Platform,100100.0,locked,2026-06-05T10:00:00
2026-03,5000-10,Enterprise,50100.0,locked,2026-06-05T10:00:00
2026-03,5000-10,SMB,16700.0,locked,2026-06-05T10:00:00
2026-03,6000-05,Platform,83800.0,locked,2026-06-05T10:00:00
2026-03,6000-05,Enterprise,45700.0,locked,2026-06-05T10:00:00
2026-03,6000-05,SMB,22900.0,locked,2026-06-05T10:00:00
2026-03,6000-20,Platform,33800.0,locked,2026-06-05T10:00:00
2026-03,6000-20,Enterprise,33800.0,locked,2026-06-05T10:00:00
2026-03,6000-20,SMB,45100.0,locked,2026-06-05T10:00:00
2026-03,6000-90,Platform,23700.0,locked,2026-06-05T10:00:00
2026-03,6000-90,Enterprise,23100.0,locked,2026-06-05T10:00:00
2026-03,6000-90,SMB,23100.0,locked,2026-06-05T10:00:00
2026-03,6000-80,Platform,2800.0,locked,2026-06-05T10:00:00
2026-03,6000-80,Enterprise,2600.0,locked,2026-06-05T10:00:00
2026-03,6000-80,SMB,2600.0,locked,2026-06-05T10:00:00
2026-03,1000-00,Corporate,2005800.0,locked,2026-06-05T10:00:00
2026-03,1100-00,Corporate,825400.0,locked,2026-06-05T10:00:00
2026-03,1200-00,Corporate,26800.0,locked,2026-06-05T10:00:00
2026-03,1500-00,Corporate,546200.0,locked,2026-06-05T10:00:00
2026-03,2100-00,Corporate,150200.0,locked,2026-06-05T10:00:00
2026-03,2200-00,Corporate,40200.0,locked,2026-06-05T10:00:00
2026-03,3000-00,Corporate,4500000.0,locked,2026-06-05T10:00:00
2026-03,3100-00,Corporate,-1397200.0,locked,2026-06-05T10:00:00
2026-04,4000-01,Platform,243600.0,locked,2026-06-05T10:00:00
2026-04,4000-01,Enterprise,170500.0,locked,2026-06-05T10:00:00
2026-04,4000-01,SMB,73100.0,locked,2026-06-05T10:00:00
2026-04,4000-02,Platform,12600.0,locked,2026-06-05T10:00:00
2026-04,4000-02,Enterprise,75300.0,locked,2026-06-05T10:00:00
2026-04,4000-02,SMB,37700.0,locked,2026-06-05T10:00:00
2026-04,5000-10,Platform,102600.0,locked,2026-06-05T10:00:00
2026-04,5000-10,Enterprise,51300.0,locked,2026-06-05T10:00:00
2026-04,5000-10,SMB,17100.0,locked,2026-06-05T10:00:00
2026-04,6000-05,Platform,83400.0,locked,2026-06-05T10:00:00
2026-04,6000-05,Enterprise,45500.0,locked,2026-06-05T10:00:00
2026-04,6000-05,SMB,22800.0,locked,2026-06-05T10:00:00
2026-04,6000-20,Platform,34900.0,locked,2026-06-05T10:00:00
2026-04,6000-20,Enterprise,34900.0,locked,2026-06-05T10:00:00
2026-04,6000-20,SMB,46400.0,locked,2026-06-05T10:00:00
2026-04,6000-90,Platform,24900.0,locked,2026-06-05T10:00:00
2026-04,6000-90,Enterprise,24100.0,locked,2026-06-05T10:00:00
2026-04,6000-90,SMB,24100.0,locked,2026-06-05T10:00:00
2026-04,6000-80,Platform,2700.0,locked,2026-06-05T10:00:00
2026-04,6000-80,Enterprise,2700.0,locked,2026-06-05T10:00:00
2026-04,6000-80,SMB,2700.0,locked,2026-06-05T10:00:00
2026-04,1000-00,Corporate,2043500.0,locked,2026-06-05T10:00:00
2026-04,1100-00,Corporate,885000.0,locked,2026-06-05T10:00:00
2026-04,1200-00,Corporate,27300.0,locked,2026-06-05T10:00:00
2026-04,1500-00,Corporate,559700.0,locked,2026-06-05T10:00:00
2026-04,2100-00,Corporate,168100.0,locked,2026-06-05T10:00:00
2026-04,2200-00,Corporate,40900.0,locked,2026-06-05T10:00:00
2026-04,3000-00,Corporate,4500000.0,locked,2026-06-05T10:00:00
2026-04,3100-00,Corporate,-1286200.0,locked,2026-06-05T10:00:00
2026-05,4000-01,Platform,251200.0,locked,2026-06-05T10:00:00
2026-05,4000-01,Enterprise,175800.0,locked,2026-06-05T10:00:00
2026-05,4000-01,SMB,75300.0,locked,2026-06-05T10:00:00
2026-05,4000-02,Platform,12900.0,locked,2026-06-05T10:00:00
2026-05,4000-02,Enterprise,77700.0,locked,2026-06-05T10:00:00
2026-05,4000-02,SMB,38800.0,locked,2026-06-05T10:00:00
2026-05,5000-10,Platform,101700.0,locked,2026-06-05T10:00:00
2026-05,5000-10,Enterprise,50900.0,locked,2026-06-05T10:00:00
2026-05,5000-10,SMB,17000.0,locked,2026-06-05T10:00:00
2026-05,6000-05,Platform,84900.0,locked,2026-06-05T10:00:00
2026-05,6000-05,Enterprise,46400.0,locked,2026-06-05T10:00:00
2026-05,6000-05,SMB,23200.0,locked,2026-06-05T10:00:00
2026-05,6000-20,Platform,34900.0,locked,2026-06-05T10:00:00
2026-05,6000-20,Enterprise,34900.0,locked,2026-06-05T10:00:00
2026-05,6000-20,SMB,46500.0,locked,2026-06-05T10:00:00
2026-05,6000-90,Platform,24400.0,locked,2026-06-05T10:00:00
2026-05,6000-90,Enterprise,23600.0,locked,2026-06-05T10:00:00
2026-05,6000-90,SMB,23600.0,locked,2026-06-05T10:00:00
2026-05,6000-80,Platform,2700.0,locked,2026-06-05T10:00:00
2026-05,6000-80,Enterprise,2700.0,locked,2026-06-05T10:00:00
2026-05,6000-80,SMB,2700.0,locked,2026-06-05T10:00:00
2026-05,1000-00,Corporate,2144200.0,locked,2026-06-05T10:00:00
2026-05,1100-00,Corporate,869200.0,locked,2026-06-05T10:00:00
2026-05,1200-00,Corporate,27400.0,locked,2026-06-05T10:00:00
2026-05,1500-00,Corporate,569500.0,locked,2026-06-05T10:00:00
2026-05,2100-00,Corporate,151100.0,locked,2026-06-05T10:00:00
2026-05,2200-00,Corporate,41100.0,locked,2026-06-05T10:00:00
2026-05,3000-00,Corporate,4500000.0,locked,2026-06-05T10:00:00
2026-05,3100-00,Corporate,-1193500.0,locked,2026-06-05T10:00:00
